Spp,Tow_date,Code,Standardlength,Totallength,Depthatpec,Depthatanus,Bodyarea,Musclearea,Pulsearea,Bodywidth,Caudarea,Cauddepth,Caudheight,Eyediameter,Interoctdistance,SST
Micropogonias undulatus,1995-08-09,00800,8.6973,10.6178,2.6335,1.4799,14.9933,7.6609,12.2214,0.695,2.2777,0.6728,1.3695,0.7216,0.8037,21
Micropogonias undulatus,1995-08-09,00801,6.9768,8.241,2.0375,0.9295,9.4605,3.9852,6.5965,0.4681,1.4313,0.5904,1.072,0.4829,0.7216,21
Micropogonias undulatus,1995-08-09,00802,5.5096,6.2583,1.4228,0.8664,5.3059,2.5061,3.8496,0.3345,0.7061,0.382,0.7629,0.468,0.7247,21
Micropogonias undulatus,1995-08-09,00803,7.4312,8.8243,2.1203,1.0796,10.5366,5.3022,8.8205,0.4437,1.2864,0.6088,0.9284,0.6204,0.8734,21
Micropogonias undulatus,1995-08-09,00804,6.6676,7.0985,1.839,0.9805,8.6665,4.132,6.1694,0.3249,0.5647,0.5092,0.8599,0.4892,0.7759,21
Micropogonias undulatus,1995-08-09,00805,8.1331,9.7237,2.4224,1.2228,13.0869,5.3158,9.8234,0.4518,1.8825,0.7888,1.2396,0.6134,0.7895,21
Micropogonias undulatus,1995-08-09,00806,5.1929,6.0765,1.41,0.8021,5.2805,2.4245,4.319,0.3867,0.5568,0.3899,0.6725,0.4499,0.6563,21
Micropogonias undulatus,1995-08-09,00807,7.6911,8.5495,2.3732,1.1349,11.5904,4.3499,6.9577,0.4464,0.8247,0.5677,0.6485,0.6008,0.8299,21
Micropogonias undulatus,1995-08-09,00808,7.0502,8.0155,1.997,0.9547,8.8987,3.8047,6.9105,0.3658,1.1503,0.5883,1.0963,0.4946,0.6724,21
Micropogonias undulatus,1995-08-09,00809,6.4597,7.7491,2.0368,1.1112,9.3239,4.1563,6.9119,0.3303,1.0163,0.6049,0.8768,0.568,0.7666,21
Micropogonias undulatus,1995-08-09,00810,74.4721,91.469,21.4779,11.8592,1123.2207,481.7179,759.5112,0.36,144.518,6.978,9.0781,5.6818,0.8053,21
Micropogonias undulatus,1995-08-09,00811,5.7995,6.4099,1.4928,0.7626,5.9383,2.8103,4.3107,0.352,0.5141,0.4992,0.8695,0.421,0.7766,21
Micropogonias undulatus,1995-08-09,00812,7.1269,8.3815,2.069,0.9155,8.683,3.7976,6.0609,0.3231,0.8865,0.5508,0.7498,0.5278,0.6711,21
Micropogonias undulatus,1995-08-09,00813,4.9596,5.6585,1.2401,0.6017,4.1018,1.79,3.0776,0.3395,0.4202,0.3282,0.6571,0.4191,0.6784,21
Micropogonias undulatus,1995-08-09,00814,4.9327,5.8184,1.38,0.6605,4.5905,2.0141,3.2799,0.2866,0.5401,0.4057,0.7206,0.4333,0.5911,21
Micropogonias undulatus,1995-08-09,00815,9.4248,10.7935,2.4288,1.1145,14.6701,4.5681,8.5883,0.632,1.9348,0.6799,1.1275,0.636,0.7447,21
Micropogonias undulatus,1995-08-09,00816,7.3128,8.5887,2.0007,0.9343,9.8987,4.1629,7.4874,0.3713,1.2444,0.5537,1.2085,0.5806,0.8238,21
Micropogonias undulatus,1995-08-09,00817,7.5598,9.0851,1.9263,1.2669,10.0835,4.6162,7.4518,0.3782,1.5336,0.6299,1.0426,0.4642,0.6344,21
Micropogonias undulatus,1995-08-09,00818,6.8886,8.2395,2.0825,1.1479,9.9229,4.1314,6.8592,0.4179,1.4564,0.5696,0.9345,0.5922,0.6009,21
Micropogonias undulatus,1995-08-09,00819,8.7161,10.5962,2.4035,1.4098,15.3799,6.0698,10.3883,0.4535,2.0927,0.7415,1.0956,0.7731,0.8344,21
Micropogonias undulatus,1995-08-09,00820,6.9658,8.4285,1.9001,1.0776,9.4856,4.1797,6.8958,0.3905,1.33,0.5701,0.9416,0.519,0.691,21
Micropogonias undulatus,1995-08-09,00821,5.8065,6.6507,1.2249,0.4129,4.8649,1.5398,2.45,0.4076,0.5796,0.4306,0.8243,0.4755,0.6494,21
Micropogonias undulatus,1995-08-09,00822,6.2489,7.2776,1.5996,0.816,7.242,2.895,4.7344,0.3823,0.7335,0.4595,0.7439,0.489,0.6572,21
Micropogonias undulatus,1995-08-09,00823,4.497,5.3121,1.5096,0.7678,4.5971,1.7761,3.0157,0.3443,0.5079,0.3839,0.543,0.4219,0.4683,21
Micropogonias undulatus,1995-08-09,00824,9.1998,11.1283,2.7271,1.3903,18.9375,6.3013,11.1595,0.539,2.0469,0.7658,1.1761,0.7331,1.0489,21
Micropogonias undulatus,1995-08-09,00825,6.1835,7.3617,1.7699,0.9355,7.044,3.3463,5.7968,0.503,0.9089,0.4898,0.7932,0.49370000000000003,0.7379,21
Micropogonias undulatus,1995-08-09,00826,5.4362,6.5161,1.5677,0.8402,6.029,2.8017,4.8591,0.3866,0.9924,0.4863,0.8296,0.4818,0.6458,21
Micropogonias undulatus,1995-08-09,00827,8.4022,10.3683,2.505,1.3169,14.3071,6.2622,10.7532,0.5716,1.8934,0.7934,1.2133,0.651,0.8656,21
Micropogonias undulatus,1995-08-09,00828,43.5366,49.6919,14.2948,6.3427,413.055,161.0873,245.5227,0.3298,32.3531,2.9188,5.2727,3.6997,0.3784,21
Micropogonias undulatus,1995-08-09,00829,5.9252,6.9312,1.6649,0.8389,6.7194,2.8123,4.8651,0.3986,0.951,0.4188,0.8615,0.4631,0.6212,21
Micropogonias undulatus,1995-08-09,00830,6.6623,7.7168,1.7906,0.9537,8.5788,3.8202,6.6102,0.386,1.1432,0.5781,0.8973,0.5911,0.7489,21
Micropogonias undulatus,1995-08-09,00831,7.8236,9.2299,2.2208,1.1393,12.0537,4.9972,8.9347,0.4383,1.4625,0.5703,1.1758,0.5907,0.733,21
Micropogonias undulatus,1995-08-09,00832,5.9383,6.8026,1.6498,0.6798,5.9244,2.5703,4.7279,0.2798,0.7237,0.3549,0.854,0.4285,0.5397,21
Micropogonias undulatus,1995-09-14,00833,10.4424,13.0137,2.8435,2.1876,21.6168,10.2012,15.9318,0.8013,1.99,0.8947,1.1228,0.7671,1.0779,22
Micropogonias undulatus,1995-09-14,00834,12.1243,15.5852,3.3446,2.2792,29.9645,14.4012,23.8386,0.7429,5.7093,1.0294,1.8433,0.8945,1.2354,22
Micropogonias undulatus,1995-09-14,00835,8.9952,10.7447,2.3711,1.6067,14.7498,6.8287,9.8048,0.486,1.1519,0.6299,0.8551,0.4807,0.9299,22
Micropogonias undulatus,1995-09-14,00836,8.3884,10.6772,2.3528,1.6474,14.4398,7.1084,10.5721,0.5872,1.8228,0.7516,0.9622,0.5724,0.9025,22
Micropogonias undulatus,1995-09-14,00837,9.3814,11.1139,2.4816,1.7482,17.0365,8.8008,12.8578,0.4548,1.8474,0.7694,1.1895,0.5547,0.6376,22
Micropogonias undulatus,1995-09-14,00838,9.2649,11.2217,2.6237,1.7454,16.3965,8.5139,12.3429,0.4221,1.6351,0.8176,0.8975,0.6454,0.5146,22
Micropogonias undulatus,1995-09-14,00839,6.5054,6.826,1.8033,1.2517,8.9135,4.1801,5.4666,0.3003,0.2748,0.5817,0.7945,0.441,0.5625,22
Micropogonias undulatus,1995-09-14,00840,9.1244,10.5676,2.37,1.6562,15.8645,8.5761,12.4162,0.4687,1.9084,0.935,1.3316,0.6123,0.8298,22
Micropogonias undulatus,1995-09-14,00841,9.7908,11.7637,2.482,1.8505,18.0565,7.9933,11.7381,0.614,2.0443,0.9252,1.1064,0.5738,0.7121,22
Micropogonias undulatus,1995-09-14,00842,9.5893,11.667,2.4971,1.8867,17.4629,8.1656,12.657,0.5411,2.2395,0.888,1.3191,0.652,0.7551,22
Micropogonias undulatus,1995-09-14,00843,10.5023,12.9107,2.748,2.0611,21.0132,10.7691,16.7146,0.4278,2.6517,0.8916,1.2892,0.7894,0.6974,22
Micropogonias undulatus,1995-09-14,00844,8.4003,10.1798,2.3829,1.5257,14.5185,7.182,10.7533,0.3945,1.3346,0.822,0.9597,0.6427,0.6371,22
Micropogonias undulatus,1995-09-14,00845,6.3415,7.1047,1.5113,1.1188,7.1625,3.53,4.678,0.486,0.4919,0.5308,0.7033,0.4816,0.614,22
Micropogonias undulatus,1995-09-14,00846,10.3749,12.8277,2.8366,2.0742,22.4815,10.3396,14.7494,0.7771,2.1986,0.9072,1.2036,0.7387,0.8077,22
Micropogonias undulatus,1995-09-14,00847,4.6423,5.2856,1.444,1.054,5.0801,2.5106,3.4339,0.4478,0.4166,0.5283,0.6553,0.473,0.4523,22
Micropogonias undulatus,1995-09-14,00848,5.0493,5.7446,1.51,1.0012,5.5207,2.5635,3.3249,0.3596,0.3504,0.4643,0.4841,0.4179,0.46,22
Micropogonias undulatus,1995-09-14,00849,9.8903,11.9288,2.711,1.8134,19.3331,8.3533,12.4792,0.5047,1.6843,0.8454,1.1011,0.629,0.7578,22
Micropogonias undulatus,1995-09-14,00850,7.972,9.4827,2.1788,1.4088,12.3443,6.0266,8.4871,0.2969,0.9922,0.639,0.8697,0.5309,0.5748,22
Micropogonias undulatus,1995-09-14,00851,7.6138,9.0996,1.8722,1.2739,10.4424,5.4458,7.7969,0.5285,1.1196,0.6424,0.8722,0.4956,0.81,22
Micropogonias undulatus,1995-09-14,00852,10.2338,12.296,2.8105,2.0327,20.2102,10.4899,14.3718,0.5841,1.602,0.8067,0.9687,0.7126,0.875,22
Micropogonias undulatus,1995-09-14,00853,11.2148,13.0321,2.8363,1.9838,24.1859,9.7341,14.2323,0.6961,1.7637,0.884,1.147,0.7581,1.0151,22
Micropogonias undulatus,1995-09-14,00854,11.7934,14.6235,3.0412,2.1154,27.4061,10.5721,16.5422,0.791,3.0196,0.9115,1.348,0.7572,0.9999,22
Micropogonias undulatus,1995-09-20,00855,11.7985,14.951,3.3792,2.2848,27.8743,12.695,20.0695,0.7635,3.3909,1.0493,1.4628,0.9311,1.0549,18
Micropogonias undulatus,1995-09-20,00856,11.4514,14.3505,3.2621000000000002,2.4227,28.447,11.9256,18.9183,0.7518,3.4489,1.0255,1.4259,0.7878,1.1957,18
Micropogonias undulatus,1995-09-20,00857,10.4901,13.1848,3.0523,2.0671,22.3301,9.8087,16.119,0.677,3.5639,1.0106,1.4961,0.7906,0.7876,18
Micropogonias undulatus,1995-09-20,00858,6.104,6.9442,1.6374,1.0729,7.4208,3.3608,4.675,0.403,0.6459,0.5727,0.7564,0.5063,0.6421,18
Micropogonias undulatus,1995-09-20,00859,10.6211,13.1419,2.8984,2.137,22.1111,10.1013,15.5713,0.6971,2.9208,0.9582,1.4498,0.7455,1.0948,18
Micropogonias undulatus,1995-09-20,00860,11.2083,14.1503,3.2432,2.3006,24.7289,12.2902,19.9157,0.6985,4.2944,0.9995,1.7385,0.8461,1.22,18
Micropogonias undulatus,1995-09-20,00861,8.9945,11.0492,2.3571,1.667,15.4369,7.5508,11.4078,0.566,1.7015,0.8189,1.1878,0.67490000000000006,0.8679,18
Micropogonias undulatus,1995-09-20,00862,10.3978,12.8791,2.7893,1.8996,20.5879,8.751,12.5436,0.6718,1.3982,0.8723,0.9859,0.7094,0.9919,18
Micropogonias undulatus,1995-09-20,00863,6.0877,7.0784,1.7711,1.1897,7.7978,3.8248,5.3088,0.4835,0.668,0.6339,0.7851,0.4868,0.4328,18
Micropogonias undulatus,1995-09-20,00864,10.4201,12.5829,2.9275,2.1518,22.4398,10.2307,16.0558,0.6266,2.4799,0.929,1.221,0.7171,0.7813,18
Micropogonias undulatus,1995-09-20,00865,8.6938,10.4711,2.0842,1.6211,14.0343,6.4279,9.4148,0.5321,1.5349,0.7773,0.9875,0.5538,0.7795,18
Micropogonias undulatus,1995-09-20,00866,13.9517,18.3576,4.0775,2.8792,38.6067,20.9919,36.4282,1.0536,8.1977,1.3034,2.1651,1.1233,1.448,18
Micropogonias undulatus,1995-09-20,00867,14.0854,17.2386,3.9584,2.7238,40.5437,17.356,26.9309,0.8909,4.7087,1.179,1.6624,0.9541,1.1459,18
Micropogonias undulatus,1995-09-20,00868,12.1326,15.6403,3.5915,2.6087,30.6317,14.9441,26.5751,0.8466,6.0626,1.1386,1.9004,0.9985,1.0629,18
Micropogonias undulatus,1995-09-20,00869,10.8886,14.3551,3.4937,2.2139,25.5238,12.4894,19.7925,0.8849,2.8279,0.9019,1.3767,0.8517,0.7376,18
Micropogonias undulatus,1995-09-20,00870,4.906,6.0817,1.3093,0.8449,4.3375,2.0025,3.1934,0.3067,0.5953,0.3165,0.6184,0.4336,0.4101,18
Micropogonias undulatus,1995-09-20,00871,5.911,6.0988,1.6154,1.1332,7.4022,3.5681,4.5469,0.476,0.2003,0.664,0.6203,0.4636,0.5318,18
Micropogonias undulatus,1995-09-20,00872,11.9677,14.6715,3.3027,2.4043,30.4508,12.2411,18.7401,0.6802,2.3647,1.1214,1.38,0.8338,1.279,18
Micropogonias undulatus,1995-09-20,00873,10.3775,12.9444,2.7758,2.0419,20.6977,9.757,14.3941,0.6326,2.3325,0.8225,1.2563,0.7904,0.8909,18
Micropogonias undulatus,1995-09-20,00874,13.9385,17.7288,3.7306,2.5162,38.1533,14.8645,23.8296,0.9478,4.3126,1.1118,1.6469,0.97,1.2457,18
Micropogonias undulatus,1995-09-20,00875,11.0001,13.879,3.1996000000000002,2.339,25.5308,12.7165,19.0729,0.7105,2.9745,0.8902,0.9448,0.822,0.9528,18
Micropogonias undulatus,1995-09-20,00876,12.8733,16.9893,3.9826,2.5468,35.0556,16.5574,25.7853,0.7012,4.1303,0.9944,1.4932,1.0524,1.0244,18
Micropogonias undulatus,1995-09-20,00877,12.81,16.2462,3.3988,2.4292,31.3721,15.2558,23.4197,0.6113,3.6114,1.0316,1.454,0.9547,1.0571,18
Micropogonias undulatus,1995-09-20,00878,12.0242,15.0738,3.2919,2.2666,27.9233,11.7795,19.6043,0.6368,3.3873,0.9198,1.5181,0.802,0.7706,18
Micropogonias undulatus,1995-09-20,00879,13.3725,17.2722,3.4793,2.3874,33.4757,14.619,26.8168,0.7697,6.3331,1.1266,1.865,1.0185,1.3373,18
Micropogonias undulatus,1995-09-20,00880,12.5069,15.4652,3.4212,2.6089,31.368,15.5299,21.8866,0.8245,3.3163,1.0554,1.4423,0.9007,1.0986,18
Micropogonias undulatus,1995-09-20,00881,9.3502,11.3304,2.7249,1.7843,17.7492,9.0371,12.1733,0.5838,1.5314,0.8708,1.1528,0.6856,0.9602,18
Micropogonias undulatus,1995-09-20,00882,10.7118,12.9009,2.7637,1.9808,22.1826,10.233,16.087,0.5958,2.6394,0.7748,1.2564,0.8062,0.9671,18
Micropogonias undulatus,1995-09-20,00883,12.4902,15.7415,3.1947,2.1859,31.392,12.0824,19.308,0.4105,2.8868,1.1633,1.508,0.8684,0.8695,18
Micropogonias undulatus,1995-09-20,00884,6.9173,8.3345,1.6571,1.1858,9.0916,4.242,6.5095,0.4334,0.9208,0.6537,0.9524,0.4903,0.7021,18
Micropogonias undulatus,1995-09-20,00885,8.2836,9.9609,2.038,1.5203,13.0431,6.1289,9.2639,0.3338,1.2417,0.7656,1.1827,0.5144,0.7254,18
Micropogonias undulatus,1995-09-20,00886,8.4372,10.4415,2.1508,1.6093,13.2106,5.6923,9.088,0.4873,1.621,0.6537,0.9007,0.6007,0.8544,18
Micropogonias undulatus,1995-09-20,00887,5.5363,6.3374,1.6026,1.0019,6.809,3.1702,4.2526,0.5145,0.5448,0.6773,0.7533,0.5092,0.615,18
Micropogonias undulatus,1995-09-28,00888,13.6634,18.1379,3.7712,2.8783,36.1619,18.4484,33.405,0.7139,8.752,1.3108,2.2268,1.0148,1.224,18
Micropogonias undulatus,1995-09-28,00889,13.889,17.3014,3.6349,2.5421,33.9249,15.0173,29.4373,0.6709,7.2496,1.0214,1.9678,1.1017,0.9902,18
Micropogonias undulatus,1995-09-28,00890,12.3777,14.7252,3.2858,2.5509,28.7086,13.5161,20.4965,0.4612,2.8731,0.9595,1.4452,0.8678,1.0459,18
Micropogonias undulatus,1995-09-28,00891,12.9239,15.923400000000001,3.3692,2.6089,28.8323,15.3994,26.3932,0.573,6.7745,0.8678,2.0055,0.8805,1.0321,18
Micropogonias undulatus,1995-09-28,00892,9.6904,11.808,2.5674,1.8742,17.6527,9.1819,14.124,0.4984,1.9899,0.7708,1.2539,0.7498,0.9296,18
Micropogonias undulatus,1995-09-28,00893,8.0605,10.3679,2.1231,1.4378,13.0547,6.6494,10.2197,0.5087,2.0092,0.7087,1.1224,0.6204,0.9146,18
Micropogonias undulatus,1995-09-28,00894,10.0747,12.8083,2.6072,1.9467,18.8721,9.4909,15.6852,0.4873,3.5778,0.8432,1.4865,0.7439,1.0654,18
Micropogonias undulatus,1995-09-28,00895,7.4948,9.4353,1.9549,1.2541,11.1166,5.0238,7.4032,0.516,1.0332,0.6593,1.0652,0.5336,0.7914,18
Micropogonias undulatus,1995-09-28,00896,10.7827,13.5939,2.8495,2.1081,21.3229,9.6147,14.8636,0.4984,2.15,0.8473,1.0192,0.7339,0.8167,18
Micropogonias undulatus,1995-09-28,00897,8.4504,10.5527,2.2706,1.6216,14.1294,6.8134,10.3226,0.449,1.4475,0.6808,1.0659,0.6352,0.8616,18
Micropogonias undulatus,1995-09-28,00898,7.7135,9.2276,1.992,1.3493,10.2828,4.9786,7.969,0.4916,1.8252,0.6722,1.0167,0.5571,0.9784,18
Micropogonias undulatus,1995-09-28,00899,19.1205,24.0673,5.4025,3.8831,70.2779,38.0057,61.0174,0.9529,11.0447,1.633,2.3253,1.5589,1.5266,18
Micropogonias undulatus,1995-09-28,00900,14.5897,19.2772,4.0572,2.9409,40.4477,19.8103,33.0355,0.8656,6.3553,1.1695,1.8302,1.1468,1.4637,18
Micropogonias undulatus,1995-09-28,00901,11.3942,14.6383,3.2387,2.1954,26.9856,13.0584,21.8346,0.6713,4.9065,1.1209,1.6349,0.9182,1.3903,18
Micropogonias undulatus,1995-09-28,00902,12.1177,15.5398,3.169,2.4474,27.3203,13.3102,24.1578,0.6705,5.4721,0.9381,1.6989,1.0263,1.3463,18
Micropogonias undulatus,1995-09-28,00903,9.5371,11.9162,2.5592,1.8843,17.4098,8.1475,13.3707,0.5818,2.0574,0.7764,1.1651,0.6746,0.7736,18
Micropogonias undulatus,1995-09-28,00904,9.4782,10.7906,2.2729,1.6962,16.0916,7.6665,11.3627,0.4059,1.1516,0.8145,1.1139,0.6089,0.6619,18
Micropogonias undulatus,1995-09-28,00905,14.5961,19.152,3.8962,2.9366,39.6736,19.6447,33.1815,0.6419,7.5573,1.3595,2.0246,1.1209,1.2088,18
Micropogonias undulatus,1995-09-28,00906,10.3486,12.9117,2.6325,2.0603,19.8898,9.5926,16.2141,0.4654,3.6344,0.7426,1.3927,0.7013,0.8648,18
Micropogonias undulatus,1995-09-28,00907,8.8493,10.6895,2.5201,1.8843,16.0317,8.161,11.4521,0.445,1.2285,0.7577,0.9814,0.593,0.9132,18
Micropogonias undulatus,1995-09-28,00908,9.038,10.7159,2.6217,1.82,16.6111,8.0303,12.2549,0.4187,2.1478,0.8031,1.1888,0.6267,0.9489,18
Micropogonias undulatus,1995-09-28,00909,9.6604,11.9933,2.4887,1.766,18.2644,7.8566,12.6165,0.5929,1.7055,0.8148,1.0897,0.653,0.9135,18
Micropogonias undulatus,1995-11-29,00910,8.838,10.5788,2.2681,1.583,14.5813,6.6541,11.6426,0.4459,2.1066,0.6193,1.365,0.6082,0.8382,7
Micropogonias undulatus,1995-11-29,00911,9.129,10.844,2.4856,1.8267,17.2616,8.1011,13.0921,0.5379,2.1713,0.8285,1.2879,0.6295,0.9584,7
Micropogonias undulatus,1995-11-29,00912,6.814,8.3656,1.9357,1.2386,9.5718,4.6481,7.4103,0.5237,1.4856,0.6329,1.0145,0.5369,0.691,7
Micropogonias undulatus,1995-11-29,00913,9.4256,11.382,2.354,1.6847,16.3898,8.6612,13.4537,0.4868,2.4734,0.7919,1.4294,0.5937,1.0342,7
Micropogonias undulatus,1995-11-29,00914,9.3637,11.6707,2.5028,1.8654,17.7906,8.6324,12.6923,0.5075,1.6082,0.8213,1.0344,0.6332,0.8145,7
Micropogonias undulatus,1995-11-29,00915,8.9492,11.032,2.606,1.6729,16.1007,7.7152,12.4873,0.413,2.2303,0.7438,1.3615,0.6203,0.9033,7
Micropogonias undulatus,1995-11-29,00917,11.0392,13.5331,2.8366,1.9706,22.2113,11.2399,19.9467,0.5591,3.5319,0.9055,1.4809,0.6814,0.8607,7
Micropogonias undulatus,1995-11-29,00918,10.2227,12.8994,2.6906,1.9008,18.9372,9.4277,15.2311,0.562,2.1567,0.8304,1.212,0.6466,1.0217,7
Micropogonias undulatus,1995-11-29,00919,10.2174,11.6973,2.5607,1.9006,18.846800000000002,9.2886,15.1566,0.6391,2.5584,0.8942,1.5581,0.6318,0.97,7
Micropogonias undulatus,1995-11-29,00920,10.2103,12.7007,2.6274,2.0636,19.4881,9.8792,15.4681,0.5581,2.592,0.8454,1.4187,0.6417,0.9356,7
Micropogonias undulatus,1995-11-29,00921,10.1124,11.9535,2.8202,1.9709,20.2372,10.2523,16.4098,0.5284,2.1218,0.8012,1.3172,0.6745,0.9466,7
Micropogonias undulatus,2017-11-06,199,12.210453119999999,15.0245168,3.39922252,2.0938183200000005,28.399596857999995,12.700494724,21.712377200000002,0.7495413,3.08664167,1.0483265596999998,1.2937863299999999,0.833964385,0.7656459499999999,16.5
Micropogonias undulatus,2017-11-06,200,8.886004139999999,10.848824404000002,2.497041502,1.7258604000000002,16.616096634999998,9.584323179999998,13.8542684,0.64391006,1.80240894,0.7822678421,0.9330434999999999,0.5424164709999999,0.74123698,16.5
Micropogonias undulatus,2017-11-06,201,9.675394499999998,11.664711612000001,2.570743412,1.6524486,18.093261546999997,8.648840776,13.363867200000001,0.59708526,1.9968937800000002,0.7433474878999999,1.06392012,0.478462557,0.79320737,16.5
Micropogonias undulatus,2017-11-06,202,9.35872176,11.638551348,2.5317452360000003,1.7728040000000003,16.392738512999998,7.824899691999999,13.184139600000002,0.7574602,2.15489657,0.7348014841999999,1.18827288,0.6025012869999999,0.90822676,16.5
Micropogonias undulatus,2017-11-06,203,11.031062339999998,12.852655908000001,3.004830252,1.8153528799999998,25.078911867000002,9.370817319999999,15.069087600000001,0.78486648,2.41123947,0.7879308566,1.3628194200000001,0.819398369,1.30579574,16.5
Micropogonias undulatus,2017-11-06,209,8.45218596,10.918696904000003,2.268391482,1.8970547200000003,14.919597091999998,8.35004524,13.390618400000001,0.6569245999999999,2.0442881600000002,0.7250199137,0.96293343,0.610125686,0.79149604,16.5
Micropogonias undulatus,2017-11-06,210,9.7301667,11.505625904,2.4997110200000003,2.06235612,18.11729375,8.762635455999998,13.016663600000003,0.7495413,1.9032672800000001,0.7796937446,0.93583944,0.5812212480000001,0.83671118,16.5
Micropogonias undulatus,2017-11-06,211,9.42545442,11.72877072,2.634811844,2.00882044,19.433845250999994,8.646474748,12.930115600000002,0.8078657199999999,1.77858261,0.7464364049,1.06625007,0.67976945,0.8728292499999999,16.5
Micropogonias undulatus,2017-11-06,212,9.186245219999998,10.77291492,2.477194216,1.54887304,16.813030208,10.142931123999999,13.391292800000002,0.57401716,1.84354003,0.6868203068,1.10605893,0.5507236520000001,0.7823088999999999,16.5
Micropogonias undulatus,2017-11-06,213,10.86182742,12.993854256,3.095013534,1.9996314800000001,23.384913413,10.875498459999998,15.773835600000004,0.7801151399999999,2.2384501500000002,0.7790759612,1.04008806,0.645402756,0.95596386,16.5
Micropogonias undulatus,2017-11-06,214,9.877380959999998,12.609611404,2.57747524,1.7820928400000002,18.676558998999994,9.151227388,14.590263600000002,0.6796483999999999,2.07444235,0.7161650183,1.1031298499999997,0.638916327,0.6563910399999999,16.5
Micropogonias undulatus,2017-11-06,215,8.5531233,10.632275552,2.425312714,1.4833517600000001,14.399914294999999,7.373889688,12.319783600000001,0.6517601,2.12409668,0.7295503253,1.07190852,0.5928285419999999,0.8131128400000001,16.5
Micropogonias undulatus,2017-11-06,216,8.259253679999999,10.265025692,2.298220444,1.53199332,14.533668184999998,7.057067271999999,11.179822800000002,0.52416252,2.09678357,0.77825225,1.27634499,0.653368546,0.72394354,16.5
Micropogonias undulatus,2017-11-06,217,8.419099079999999,9.551320028000001,2.2307860980000003,1.4846502000000001,13.425903243999999,6.284052124,9.538445600000003,0.49482815999999996,1.4742642000000001,0.7231665635,0.9550116,0.613994784,0.7190797600000001,16.5
Micropogonias undulatus,2017-11-06,218,12.334193579999999,15.11842544,3.243345882,2.18470912,26.015515326,12.122733219999999,20.067628,0.7662054199999999,2.6597048300000004,0.7407733904,1.27261707,0.8102946089999998,0.7842904399999999,16.5
Micropogonias undulatus,2017-11-06,219,9.266279699999998,10.620201584,2.4242681200000002,1.63486972,15.578035956999999,7.910527371999999,12.090487600000003,0.63654204,1.8444440100000001,0.7818559864999999,1.12682877,0.5452613959999999,0.69638212,16.5
Micropogonias undulatus,2017-11-06,220,9.879616559999999,12.188587668000002,2.594769074,1.68610816,17.203743807000002,7.959425283999998,12.378793600000002,0.50605234,2.32813788,0.6803335811,1.15731783,0.5815626389999999,0.7183592000000001,16.5
Micropogonias undulatus,2017-11-14,225,14.11015422,17.741047804,3.9966142220000003,2.8267377600000003,39.337294027,15.737347995999997,28.370166400000002,0.65871496,4.58640906,0.9880926781999999,1.5247842299999999,0.9598238670000001,0.81590501,9.4
Micropogonias undulatus,2017-11-14,226,9.941654459999999,11.99093234,2.58966217,1.8707862800000004,18.404375269999996,9.442023496,14.417954400000001,0.59612122,2.24083924,0.7247110219999999,1.1527245,0.6945630599999999,0.7796068,9.4
Micropogonias undulatus,2017-11-14,227,12.345595139999999,15.330167064000001,3.120780186,2.29028228,29.589897735999998,14.755221039999999,22.9052784,0.6985848999999998,2.9695116900000005,1.0605792637999998,1.39364133,0.866055139,0.75447727,9.4
Micropogonias undulatus,2017-11-14,228,7.9547649599999986,9.449921056,1.85148241,1.2839912800000002,11.775728219,4.681687827999999,8.303844000000002,0.38885262,1.76670173,0.632043512,1.11604443,0.42304341799999995,0.6360352199999999,9.4
Micropogonias undulatus,2017-11-14,229,6.158907479999999,7.713952768000002,1.43712679,1.06175828,7.0512798409999995,3.4220595879999998,5.1528224,0.28156874,1.24930232,0.5262995867,0.81594687,0.355561797,0.5260597499999999,9.4
Micropogonias undulatus,2017-11-14,230,6.390739199999999,7.7287098400000005,1.594048022,1.1935,7.631967461,3.994638364,6.303124000000002,0.35338972,1.14908968,0.5976535694,0.87159939,0.39721149899999997,0.58829812,9.4
Micropogonias undulatus,2017-11-14,231,6.265433819999999,7.504223472000001,1.55899609,1.2299562,7.1867736189999984,3.7087996479999994,5.2754508000000015,0.37466745999999995,1.1546427000000001,0.5699562802999999,0.83744898,0.42725390699999993,0.59325197,9.4
Micropogonias undulatus,2017-11-14,243,5.830721399999999,7.316182599999999,1.6461616560000003,1.06535396,7.219396519,3.607173111999999,5.436969600000001,0.43457566000000003,1.08671506,0.5588361791,0.78798747,0.368079467,0.6667490899999999,9.4
Micropogonias undulatus,2017-11-14,244,6.329595539999999,8.043191988,1.6154041659999998,1.00702404,7.317373962,3.3593035119999994,5.004904000000002,0.3406506199999999,1.08258258,0.46009379899999997,0.7268096399999999,0.450809886,0.59217113,9.4
Micropogonias undulatus,2017-11-14,245,6.627265679999999,8.4313477,1.785556922,1.30117064,8.822594568,4.762132779999999,7.6497884,0.4076514,1.30005434,0.5719125944,0.81215238,0.4704967669999999,0.6031596699999999,9.4
Micropogonias undulatus,2017-11-14,246,5.594753819999998,6.83713674,1.415538514,0.97056784,6.030835528999999,3.1619091759999995,4.1766284,0.37232621999999993,0.99489652,0.5155913411,0.73686171,0.35226168399999996,0.5907300099999999,9.4
Micropogonias undulatus,2017-11-14,247,7.045769999999999,8.62922662,1.8377866219999999,1.42741896,9.660785612,5.115684964,7.5051296,0.48553205999999993,1.24678409,0.6259686418999999,0.9657959399999999,0.42941605,0.56713167,9.4
Micropogonias undulatus,2017-11-14,248,5.168760239999998,6.528915168000001,1.3388188879999998,0.95798296,5.251583191,2.5267996599999996,3.6730764000000007,0.31358864,1.02627754,0.4403247302,0.77633772,0.318805366,0.55695376,9.4
Micropogonias undulatus,2017-11-14,249,6.397222439999999,7.987182192000001,1.8314029920000001,1.26171804,8.867722912999998,4.665125632,6.119350000000001,0.3636498599999999,1.21624248,0.5675881106,0.8952317399999999,0.35294446599999996,0.53353556,9.4
Micropogonias undulatus,2017-11-14,250,5.581563779999999,7.014780584,1.572807944,1.20079124,7.406760707999998,3.620467935999999,4.839001600000001,0.26745244,0.77438997,0.4327054016,0.6392035199999999,0.371151986,0.44886976,9.4
Micropogonias undulatus,2017-11-14,251,5.771477999999999,7.0117620920000014,1.595905078,1.09551772,7.314329158,4.289490519999999,4.885984800000001,0.3738411399999999,0.95415285,0.522901778,0.76242459,0.452744435,0.55974593,9.4
Micropogonias undulatus,2017-11-14,272,8.625892079999998,10.858438860000001,2.4534006859999997,1.6782176400000002,15.121967815,7.710429004,12.042155600000001,0.59887562,1.51746153,0.6685956965,0.8857788,0.560055006,0.60505114,9.4
Micropogonias undulatus,2017-11-14,273,9.88542912,11.533798496,2.7078173580000002,1.9701668800000003,17.799981676,9.053769567999998,13.712082400000002,0.76117864,1.4049160200000002,0.7175035489999999,0.91966293,0.633909259,0.7279966899999999,9.4
Micropogonias undulatus,2017-11-14,274,9.870450599999998,11.439554468,2.688666468,1.9531872800000003,17.949720786999997,10.066767556,13.871690400000002,0.66697816,1.7073619000000002,0.8413691207,1.05047298,0.642785425,0.7148464699999999,9.4
Micropogonias undulatus,2017-11-14,275,9.499899899999999,11.640563676000001,2.5764306460000004,1.78858504,16.524643771999997,8.433081555999998,12.324729200000002,0.55735304,1.8470913800000002,0.8205704129,1.0921458,0.6421026430000001,0.7342115199999999,9.4
Micropogonias undulatus,2017-11-14,276,9.604414199999999,11.646824252,2.6016169679999996,1.7530277600000002,18.140890981,9.559986892,11.634256000000002,0.5687838,1.42958176,0.8708167961,0.84190917,0.607280761,0.65945342,9.4
Micropogonias undulatus,2017-11-14,277,9.618498479999998,11.990820544000002,2.505978584,1.8127560000000003,17.071512319,8.334046383999999,12.484449600000003,0.61540202,2.09458819,0.7896812429,1.13188809,0.684435127,0.82076879,9.4
Micropogonias undulatus,2017-11-14,278,11.633221199999998,14.535409300000001,3.110682444,2.0374860000000004,25.329890710999997,11.419346895999999,18.5870952,0.70326738,3.09929739,0.8583581642,1.11384762,0.7712622379999998,0.9093976699999999,9.4
Micropogonias undulatus,2017-11-14,279,10.084062179999998,12.999779444000001,2.7034068500000004,1.6275784800000002,18.301830620999993,8.854685211999998,13.838420000000003,0.5999773799999999,1.8911926900000002,0.7830915533,0.9756482999999999,0.721760543,0.7325902599999998,9.4
Micropogonias undulatus,2017-11-14,280,8.940999899999998,10.864364048,2.307853922,1.37018772,14.420684207999999,7.483628319999999,10.808678,0.6854326399999999,1.8092533600000003,0.702058964,1.02018363,0.6061427909999999,0.77276148,9.4
Micropogonias undulatus,2017-11-20,281,5.209448159999999,6.021137736000001,1.3471756400000001,0.8519104,4.958412062999999,2.1600653199999997,2.8911096000000005,0.24190537999999998,0.7687723799999999,0.4586523044,0.7059066599999999,0.328478111,0.55866509,9
Micropogonias undulatus,2017-11-20,282,7.223388419999999,9.117663344,1.8982570079999999,1.3194486800000003,9.232555677999999,4.640338671999999,8.292828800000002,0.4138488,1.7824568100000002,0.5643962297,1.13182152,0.5031565060000001,0.68737512,9
Micropogonias undulatus,2017-11-20,283,6.931642619999999,8.628667640000002,1.7580492799999998,1.3014702800000002,8.806391860999998,4.0737312999999995,7.2593108,0.2372229,1.6821796000000002,0.5760311504,1.04854245,0.476414211,0.5779400699999999,9
Micropogonias undulatus,2017-11-20,284,7.690628819999999,9.244887192,1.9071940900000004,1.5115179200000002,11.152413343,5.177765031999999,9.311172800000001,0.4516529399999999,2.05287597,0.6494444111,1.1274279,0.568589781,0.6934098099999999,9
Micropogonias undulatus,2017-11-20,285,6.980937599999999,8.577576868000001,1.951995566,1.38097476,8.451672194999999,4.478772759999999,7.010232400000001,0.4529612799999999,1.3550034100000001,0.5020001063,0.87333021,0.45593075099999997,0.61486877,9
Micropogonias undulatus,2017-11-20,286,8.8057461,10.683366324,2.174494088,1.54228096,14.066943228999998,5.4887287119999995,11.3030132,0.5122497399999999,2.24225978,0.627924956,1.24712076,0.5860007220000001,0.65242796,9
Micropogonias undulatus,2017-11-20,287,7.956329879999998,10.14238548,2.050303468,1.21707168,13.956134111999999,4.748950623999999,8.614742400000003,0.5194111799999999,2.31961464,0.612480371,1.21297035,0.5269400789999998,0.8030249999999999,9
Micropogonias undulatus,2017-11-20,288,8.3822116799999975,10.9271934,2.5742253920000002,1.55376716,13.977447739999999,6.341512803999999,11.570637600000001,0.6173989599999999,2.27338252,0.7353163037,1.17569115,0.61149125,0.8845383499999999,9
Micropogonias undulatus,2017-11-20,289,7.400559719999999,9.349640044000001,1.9786907460000003,1.28698768,10.982013061999998,4.727318368,8.596308800000001,0.36096432,1.9110156800000002,0.5906520242,1.11058569,0.5187466949999999,0.6477443199999999,9
Micropogonias undulatus,2017-11-20,290,7.64133384,9.453833916,1.9496742460000003,1.37887728,11.779425480999999,4.409819944,7.972826000000001,0.50295364,1.85813285,0.6087736706,1.03616043,0.496897671,0.63522459,9
Micropogonias undulatus,2017-11-20,311,6.798959759999999,7.420264676,1.7197475,1.29957256,8.789101723999998,3.9637673319999998,5.570388400000001,0.35332085999999996,0.94943924,0.5444212331,0.8853793799999999,0.4823316549999999,0.48210559,9
Micropogonias undulatus,2017-11-20,312,6.681478979999999,8.303453076,1.786253318,1.2551259600000002,8.814112614,3.795554008,7.3667652000000015,0.47795746000000006,1.4075633900000002,0.5732511251,0.88298286,0.5138534239999999,0.6416195599999999,9
Micropogonias undulatus,2017-11-20,313,6.699251999999999,8.331290280000001,1.7211402920000003,1.29308036,9.224073723999998,3.9801041919999998,6.202413600000002,0.43120152,1.47800926,0.5269173701,1.0169217,0.515105191,0.50192099,9
Micropogonias undulatus,2017-11-20,314,7.881325499999999,9.835170072,2.075141592,1.4841508,11.637624608999998,5.571877696,8.9419388,0.53903628,1.56343537,0.5810763815,1.03130082,0.5574376750000001,0.70773094,9
Micropogonias undulatus,2017-11-20,315,8.714868959999999,11.08035392,2.2591062020000003,1.49034336,14.247782837999997,6.540259155999999,11.991575600000001,0.47719999999999996,2.15134522,0.6334850066000001,1.2234218399999999,0.642557831,0.6791787499999999,9
Micropogonias undulatus,2017-11-20,316,NA,NA,NA,NA,NA,NA,NA,0.43023747999999995,NA,NA,NA,NA,0.6339636099999999,9
Micropogonias undulatus,2017-11-20,317,7.708513619999998,9.816052956,1.9983059,1.126081,10.6085896,4.638535983999999,8.489753600000002,0.39422369999999995,1.9847546200000001,0.5760311504,1.08236001,0.5421888770000001,0.57280608,9
Micropogonias undulatus,2017-11-20,318,7.545985499999999,8.909946376,2.06968649,1.1231844800000002,11.010503728,4.268421603999999,6.547256800000001,0.3776973,1.36455977,0.5713977749,0.92259201,0.48301443699999996,0.5824435699999999,9
Micropogonias undulatus,2017-11-20,319,NA,NA,NA,NA,NA,NA,NA,0.45833236,NA,NA,NA,NA,0.61432835,9
Micropogonias undulatus,2017-11-20,320,7.202038439999999,8.901226288,1.636876376,1.078638,8.675356545999998,3.5367556119999994,7.037545600000001,0.38575392,1.47723442,0.5586302513,0.91034313,0.456499736,0.48345664,9
Micropogonias undulatus,2017-11-20,342,11.348070419999999,14.049320292000003,3.36324206,2.33223188,26.178956054999993,12.82071148,20.0071568,1.11746028,2.2444551600000002,0.8236593299,1.02151503,0.7280193779999999,0.96398009,9
Micropogonias undulatus,2017-11-20,343,11.452696499999998,14.857158188000003,3.270737458,2.22406184,25.416450139,13.117816996,20.9295112,0.91425442,3.3658423500000003,0.7886516039,1.2853985099999998,0.806425511,0.94209308,9
Micropogonias undulatus,2017-11-20,344,12.126394559999998,14.666881396,3.8398090560000004,2.20188848,29.641006945999997,13.9124644,22.590895600000003,0.9419361399999999,3.2803516700000004,1.0194966677,1.45455288,0.914760255,1.1461917,9
Micropogonias undulatus,2017-11-20,345,13.109723219999998,16.743715688,3.9245372360000004,2.31205612,33.69907822,17.171836971999998,29.955006400000002,0.76592998,4.56535924,1.121122037,1.4653372199999999,0.856723785,0.9430838499999998,9
Micropogonias undulatus,2017-11-20,346,13.486980719999998,17.656082844000004,3.933590384,2.74124048,36.590445847000005,18.057182116,29.475620400000004,0.9714770799999999,3.9806133200000002,1.0806572242999999,1.5570041099999998,0.890976682,1.1244848299999999,9
Micropogonias undulatus,2017-12-18,350,9.646443479999999,12.122516232,2.556815492,1.8338306799999997,16.928297788000002,8.654023504,14.3306196,0.69114802,2.6416898,0.7216221049999999,1.2604347599999999,0.6355024169999999,0.87300939,6
Micropogonias undulatus,2017-12-18,351,10.677502199999998,13.592521836,2.792893736,2.07564016,21.003985427999993,10.517552224,17.138821200000002,0.559832,2.89002602,0.955350158,1.3849206599999997,0.7933388560000001,0.7753735100000001,6
Micropogonias undulatus,2017-12-18,352,12.373540139999998,14.870685504,3.334109494,2.6014084800000004,29.536178694,14.752742343999998,24.214963200000003,0.7536040399999999,3.26072239,0.8819368973,1.37833023,0.8445475059999998,0.9685736599999999,6
Micropogonias undulatus,2017-12-18,354,9.262926299999998,10.405776856000001,2.5555387659999997,1.5532677600000002,17.093369662,8.323793596,11.0972088,0.43409363999999995,1.4865970700000002,0.8149073983999999,1.12682877,0.6267400479999998,0.7199804599999999,6
Micropogonias undulatus,2017-12-18,355,13.828803959999998,17.263455292,3.83621101,2.53878372,33.309995766,14.842876743999998,26.8410768,0.76999272,3.90571212,0.9723392015,1.5888245699999999,0.9388852189999999,0.8749008599999999,6
Micropogonias undulatus,2017-12-18,356,13.019963879999999,16.042419380000002,3.57448218,2.55676212,31.892530760999996,14.616076059999997,31.663374000000005,0.9318825800000001,5.2285577100000005,1.0162018228999998,1.75911063,0.905201307,1.15168597,6
Micropogonias undulatus,2017-12-11,357,10.196512859999999,11.698697596,2.567261432,1.7878858800000001,17.705375265999997,9.39053422,13.586306800000003,0.47974781999999994,2.11305521,0.7549824086,1.22055933,0.779683216,0.76924875,6
Micropogonias undulatus,2017-12-11,358,11.07309162,12.759306248000001,2.82469582,2.1047052400000004,21.328692026,9.939114711999999,17.145003199999998,0.40751368,2.7087134600000002,0.7930790515999999,1.36894386,0.749299417,1.26526424,6
Micropogonias undulatus,2017-12-11,359,10.663865039999997,13.184801824000001,2.7354410660000004,1.81894856,20.361314297999996,9.821939991999999,17.2203112,0.71566218,2.51519717,0.7641461957,1.2640961099999999,0.734960995,0.87291932,6
Micropogonias undulatus,2017-12-11,360,8.282503919999998,10.749773148000001,2.1221483219999997,1.5599597200000002,14.161767124999999,6.641885691999999,11.817243200000002,0.57408602,2.6497610500000004,0.7121494262,1.23500502,0.6811350140000001,0.72268256,6
Micropogonias undulatus,2017-12-11,361,10.7194197,13.127115088,2.902111842,2.1428594,23.308140854999998,11.890975143999999,18.7138824,0.68495062,2.75203993,0.8852317421,1.40003205,0.6969527969999998,0.8313069799999999,6
Micropogonias undulatus,2017-12-11,362,9.5121957,11.304393104,2.740896168,1.8428198800000004,17.744414002999996,8.536623447999999,11.174877200000003,0.5318059799999999,1.2489149,0.4208645531,0.7220166,0.7181190389999998,0.7006154099999999,6
Micropogonias undulatus,2017-12-11,363,10.33076064,13.039578820000003,2.808910844,1.94829316,19.357290178999996,10.101469299999998,16.214106400000002,0.67028344,2.80847411,0.8823487528999999,1.2442582500000001,0.691945729,0.7801472199999999,6
Micropogonias undulatus,2017-12-11,364,15.70514304,19.191265515999998,4.251495158000001,3.07583848,46.21757238,20.692937307999998,38.5235956,0.7222727400000001,6.034778730000001,1.2646537135999998,1.85204235,1.047447557,0.92588048,6
Micropogonias undulatus,2017-09-11,581,8.34588318,10.049930188000001,2.1946895719999997,1.3559048800000002,12.731905417999998,6.513218835999999,10.142033600000001,0.5416529599999999,1.5324417700000001,0.7189450436,0.99082626,0.5030427089999998,0.7463709700000001,19.5
Micropogonias undulatus,2017-09-11,582,11.448784199999999,14.740331368,3.152814402,2.34421748,24.492460867999995,12.483721491999999,23.6254252,0.7159376199999999,3.9868120400000002,1.0365886750999997,1.68921213,0.7675069370000001,0.8994899699999999,19.5
Micropogonias undulatus,2017-09-11,583,8.11192764,9.286363508,1.8908287840000004,1.5472749600000002,11.947433415999999,5.749667799999999,8.872475600000001,0.41019922,1.31367861,0.7016471084,1.04767704,0.597266625,0.77132036,19.5
Micropogonias undulatus,2017-09-11,584,9.959092139999997,12.34029484,2.6905235239999996,1.9681692800000001,17.992565528999997,7.755383535999998,13.466938,0.5373147799999999,2.02168866,0.884305067,1.1794190699999998,0.517381131,0.81554473,19.5
Micropogonias undulatus,2017-09-11,585,8.77701864,10.7008065,2.0400896599999996,1.5288970400000002,14.794433899,6.335766735999999,11.903341600000001,0.39050525999999997,2.36455536,0.6138189017000001,1.26842316,0.6278780179999999,0.7021466000000001,19.5
Micropogonias undulatus,2017-09-11,586,8.935858019999998,9.505595464,2.13004081,1.5736432800000002,12.949717646999998,5.973539115999999,7.869305600000001,0.38678682,1.08929786,0.7616750621,0.93670485,0.5698415480000001,0.6737745500000001,19.5
Micropogonias undulatus,2017-09-11,587,8.911489979999999,11.186224732,2.4819529219999996,1.712876,15.361093672,6.961299471999999,10.643787200000002,0.4719666399999999,1.8225547800000002,0.7474660438999999,1.17236265,0.545716584,0.7376341799999999,19.5
Micropogonias undulatus,2017-09-11,589,8.624997839999999,10.344065464,2.220920488,1.54198132,13.067703801999999,6.393002079999999,10.947379600000001,0.33280058,1.9994765800000003,0.8333379365,1.2159659999999999,0.521819214,0.6608945399999999,19.5
Micropogonias undulatus,2017-09-11,590,7.583655359999998,8.900779104,1.916131172,1.3801757200000002,10.921334468,5.392848244,7.976198,0.27420072000000006,1.50939028,0.6352353929,1.03476246,0.4808522939999999,0.7204308099999999,19.5
Micropogonias undulatus,2017-09-11,591,7.690405259999999,8.58283128,1.721604556,1.2955773600000002,10.267462809,5.146443327999999,6.624812800000001,0.09378751999999999,1.08981442,0.5902401686,1.0210490399999999,0.5087325589999998,0.7875329600000001,19.5
Micropogonias undulatus,2017-09-11,592,8.77031184,10.745636696,2.2210365540000003,1.55796212,13.628273966999998,5.510360968,11.223771200000002,0.37039813999999993,2.4041367700000005,0.8316905141,1.32873558,0.503725491,0.71304507,19.5
Micropogonias undulatus,2017-09-11,593,11.386075619999998,14.565035240000002,3.449479098,2.43740552,29.019105728999996,10.6817095,18.4508664,0.43374933999999987,2.6224479400000003,0.8972785184000001,1.32440853,0.8335091969999999,0.81320291,19.5
Micropogonias undulatus,2017-09-11,594,9.080389559999999,11.407804404000002,2.315862476,1.6304750000000001,15.915682971999997,7.245222832,11.766326000000001,0.6040401199999998,1.7661206,0.7516875637999999,1.0963397099999999,0.528533237,0.9001204599999999,19.5
Micropogonias undulatus,2017-09-11,595,5.87811612,6.872911460000001,1.541702256,1.17062748,7.238209057999999,3.1641625359999996,4.397944000000001,0.37246393999999994,0.9534425799999999,0.5703681359,0.77147811,0.360910256,0.5824435699999999,19.5
Micropogonias undulatus,2017-09-11,596,8.33124,10.179725344,1.9467725960000002,1.4372072,13.333797922999999,6.524936308,9.804271600000002,0.4508954799999999,1.6440833000000001,0.8110977341,1.05772911,0.49154921199999996,0.69331974,19.5
Micropogonias undulatus,2017-09-11,597,6.700481579999999,8.257057736,2.002136078,1.3336316400000001,9.935579172999999,5.457181672,7.35013,0.38520303999999994,1.5563972400000001,0.6562400285,0.9725860799999999,0.46696906,0.5216463199999999,19.5
Micropogonias undulatus,2017-09-11,598,7.923242999999998,9.496651784,1.943522748,1.4310146400000001,11.102609049,5.015072439999999,6.969206400000001,0.42789623999999993,1.2668653600000002,0.5980654249999999,0.9516831,0.5214778230000001,0.49876854,19.5
Micropogonias undulatus,2017-09-11,599,7.706836919999999,9.485583980000001,2.035098822,1.60081064,11.837494242999998,4.8675900279999995,7.3567616000000005,0.3195106,1.34796528,0.6115536959,0.88497996,0.527509064,0.59559379,19.5
Micropogonias undulatus,2017-09-11,600,6.961487879999999,7.289686948,1.8963999520000003,1.39905304,9.431011652999999,4.172428468,4.74526,0.33404005999999997,0.84812891,0.4709050085,0.82886145,0.383442062,0.59100022,19.5
Micropogonias undulatus,2017-09-11,601,7.26854754,8.8673521,1.999118362,1.13936504,10.433513369999998,5.006397003999999,6.869395200000001,0.35607526,1.20894607,0.6887766209,0.96306657,0.47675560200000006,0.62621759,19.5
Micropogonias undulatus,2017-09-11,602,8.296923539999998,9.975474052000001,2.122844718,1.5649537199999999,12.448412416999998,6.7830586959999994,10.482156000000002,0.5139023799999999,1.4893090100000002,0.7997717051000001,1.00726905,0.600680535,0.7059295399999999,19.5
Micropogonias undulatus,2017-09-11,603,6.0156055199999985,7.144911128,1.644768864,1.21767096,7.275507907,3.031664968,4.566881200000001,0.39807985999999995,1.1379190700000001,0.6296753423,0.8552897399999999,0.449330525,0.55109921,19.5
Micropogonias undulatus,2017-09-11,604,6.091727699999999,7.339547963999999,1.567236776,1.15824236,7.146103736999999,3.4045960479999993,4.607345200000001,0.34884496,1.01252413,0.5271232979,0.9004242,0.439316389,0.60811352,19.5
Micropogonias undulatus,2017-09-11,605,7.786871399999999,8.264548068000002,2.14164741,1.4526886,10.661221212,4.406327235999999,5.724826000000002,0.25567737999999995,0.94969752,0.5155913411,0.7328675099999999,0.605687603,0.57785,19.5
Micropogonias undulatus,2017-09-11,606,8.38578864,10.192246496000001,2.1649766759999998,1.6108985200000001,12.707546985999999,6.647857095999999,11.255468000000002,0.37914335999999993,1.8914509700000002,0.6925862851999999,1.14859716,0.5518616219999999,0.6967424,19.5
Micropogonias undulatus,2017-09-11,607,9.984801539999998,12.248398528000001,2.491238202,1.84132168,18.294001125,7.889571124,13.959924400000002,0.54929642,2.84327734,0.7606454230999999,1.3011090300000001,0.606711776,0.8084292,19.5
Micropogonias undulatus,2017-09-11,608,9.99352038,12.540074292,2.795331122,1.9872463600000003,20.530300920000002,9.083401252,13.415683600000003,0.6706965999999999,1.9634465200000002,0.8670071318,1.15145967,0.61490516,0.76654665,19.5
Micropogonias undulatus,2017-09-11,609,8.688935999999998,10.972135392,2.447133122,1.8288366799999998,14.832385206,7.277445879999998,10.651318000000002,0.6050041599999999,1.9613802800000002,0.8742146047999999,1.07996349,0.6259434690000001,0.73790439,19.5
Micropogonias undulatus,2017-09-11,610,7.993329059999999,9.402184164000001,2.104042026,1.68011536,12.404588988,5.92035982,8.724557200000001,0.44187482,1.2266382500000002,0.7168857656,0.9183981,0.5957872639999999,0.57775993,19.5
Micropogonias undulatus,2017-09-11,611,8.137301699999998,10.185874124,2.3221300400000002,1.60820176,13.883711273999998,6.928287747999999,9.920830400000002,0.5648587799999999,1.6814047600000002,0.9054126665000001,1.08236001,0.6220743709999998,0.6760263,19.5
Micropogonias undulatus,2017-09-11,612,9.517784699999998,11.9333574,2.711183272,1.78249236,18.097720009999996,7.838983191999999,12.611236800000002,0.59316024,1.95201763,0.6431636132,1.21290378,0.559941209,0.84463734,19.5
Micropogonias undulatus,2017-09-11,613,11.953806239999999,15.239835896000002,3.4895218679999997,2.3958554400000005,29.758014413999994,11.933225643999998,21.033256400000003,0.74589172,3.4736742500000006,0.8139807232999999,1.39290906,0.814618895,0.9819940899999999,19.5
Micropogonias undulatus,2017-09-21,614,9.688360979999997,12.267180256000001,2.8292223940000003,1.74593628,21.698635711999998,7.037688375999999,12.387898000000002,0.62256346,2.2826806000000004,0.8404424456,1.14653349,0.6498408389999999,0.6408089299999999,23.1
Micropogonias undulatus,2017-09-21,615,8.156863199999998,9.729411056000002,2.006082322,1.4854492400000001,12.641322499,6.351427588,10.215206000000002,0.5812474599999999,1.6746249100000004,0.7974035354,1.0086004499999999,0.517267334,0.55695376,23.1
Micropogonias undulatus,2017-09-21,616,10.398611099999998,13.045839396000002,3.052069114,2.2680090400000004,25.161774033,11.289891363999999,18.0738768,0.6954173399999999,2.5679508600000003,0.948142685,1.27461417,0.7343920099999999,0.8495911899999999,23.1
Micropogonias undulatus,2017-09-21,617,9.514990199999998,11.552021244,2.570859478,1.7283574000000002,20.693306676999995,8.326835632,13.09096,0.69886034,2.0766377300000003,0.9241520963000001,1.21024098,0.646540726,0.84112461,23.1
Micropogonias undulatus,2017-09-21,618,10.453271519999998,13.106991808000002,2.8460519640000004,2.17122532,20.96309806,10.41017962,16.746320400000002,0.71042882,2.34944598,0.9332129195,1.15731783,0.696725203,0.8821965299999999,23.1
Micropogonias undulatus,2017-09-21,619,6.537059219999999,8.124355884,1.724622272,1.28369164,8.026595807999998,4.087476796,5.345925600000001,0.37156875999999994,1.2708687,0.5814882371,0.87852267,0.4984908289999999,0.48877076999999997,23.1
Micropogonias undulatus,2017-09-21,620,10.043150699999998,12.572047948000002,2.857890696,2.09331892,21.934281792999997,10.202645164,15.7989008,0.6758611,2.49137084,1.0373094224,1.29465174,0.646540726,0.7991519899999999,23.1
Micropogonias undulatus,2017-09-21,621,8.311343159999998,10.138919804,2.143736598,1.37867752,13.086190111999999,5.861321788,9.374229200000002,0.44097964,1.4742642000000001,0.7188420797,0.99122568,0.643695801,0.7161975199999999,23.1
Micropogonias undulatus,2017-09-21,622,8.026304159999999,9.15858068,1.975324832,1.25562536,11.268550866999998,5.158273468,7.0902612000000005,0.39718467999999996,1.11506129,0.6655067794999999,0.94129818,0.531264365,0.68016952,23.1
Micropogonias undulatus,2017-09-21,623,7.888591199999999,9.928855120000001,2.089533776,1.60290812,13.20211015,6.4070855799999995,8.855166,0.61863844,1.66048408,0.6995878303999999,1.00394055,0.5301263949999999,0.65143719,23.1
Micropogonias undulatus,2017-09-21,624,9.218884979999999,11.09544638,2.7801264760000004,1.8483132800000002,17.963204919,7.160609163999999,10.793953600000002,0.66849308,1.8161623500000001,0.7036034225,1.06385355,0.6590583959999998,0.89273472,23.1
Micropogonias undulatus,2017-09-21,625,6.878994239999999,8.896754448000001,1.850786014,1.3778784800000001,9.608262743,4.513361836,6.2507456,0.3584164999999999,1.2124328500000001,0.6344116817,0.97511574,0.49769424999999995,0.57451741,23.1
Micropogonias undulatus,2017-09-21,626,7.582984679999999,9.222751584000001,1.79461007,1.4107390000000002,10.336514613999999,4.690363263999999,7.327537600000001,0.39140043999999996,1.34396194,0.6589170899,0.93796968,0.44500623899999997,0.85400462,23.1
Micropogonias undulatus,2017-09-21,627,6.205966859999998,7.123110908000001,1.587200128,0.98415152,7.163285131,3.0260315679999996,4.718846000000001,0.44759019999999994,1.2708687,0.5886957101,0.95687556,0.49905981399999993,0.7327703999999999,23.1
Micropogonias undulatus,2017-09-21,628,6.481504559999999,7.484659172000001,1.7187029060000003,0.9892454000000002,8.174160058999998,3.5903855799999995,4.3637744000000005,0.37301481999999997,1.0025803500000001,0.6403835878999999,0.89882652,0.49723906199999995,0.5181335899999999,23.1
Micropogonias undulatus,2017-09-21,629,9.12297774,12.24247334,3.048587134,1.9988324399999997,21.213315703,8.40975928,12.581001200000001,0.8649506599999999,2.32174545,0.7962709324999999,1.13095611,0.6518891849999999,0.6361252899999998,23.1
Micropogonias undulatus,2017-09-21,630,9.24884202,11.464484976000001,2.588849708,1.7412419200000002,17.730386156,7.7932399839999995,12.0885768,0.59095672,1.7273140300000003,0.9197246485999999,1.10133246,0.6260572659999999,0.71124367,23.1
Micropogonias undulatus,2017-09-21,631,7.098865499999999,7.4249601080000005,1.76153126,0.8276395599999999,8.261371945,3.9259108840000003,5.199243600000001,0.37693984,1.0712182600000002,0.5570857928,0.7961090099999999,0.4366990579999999,0.6688206999999999,23.1
Micropogonias undulatus,2017-09-21,632,6.806113679999999,7.978462104,1.7024536660000003,1.30426692,9.176879261999998,3.954979227999999,5.562408,0.37749071999999995,1.10292213,0.6726112886,0.86800461,0.46196199199999993,0.54020074,23.1
Micropogonias undulatus,2017-10-09,633,19.1442783,23.442643804,5.268349384000001,3.5626536,60.930065307999996,27.3819238,48.5186532,1.1100234,6.9495419200000015,1.4088031736,1.96860642,1.356065021,1.15105548,22
Micropogonias undulatus,2017-10-09,634,15.615495479999996,20.603137200000003,4.451592942,2.7995704000000003,48.44908748299999,19.208987079999996,35.9038888,0.8049735999999998,5.174254340000001,1.2332497240999998,1.6316956500000002,1.0996803800000001,1.18239984,22
Micropogonias undulatus,2017-10-09,635,10.985456099999999,12.690104524,2.69934454,2.077438,21.878822862999996,10.174252827999998,16.2340012,0.6872229999999999,2.1305536800000002,0.8832754279999999,1.25737254,0.76056532,0.87814338,22
Micropogonias undulatus,2017-10-09,636,6.833723339999999,8.122902536,1.5827896199999998,0.9159334800000001,8.296713419999998,4.024608051999999,6.018752000000001,0.415226,1.37656979,0.6195848801,0.98450211,0.563013728,0.62486654,22
Micropogonias undulatus,2017-10-09,637,15.06620856,18.905067756000005,4.42872794,2.67581908,44.412329837,18.748400295999996,32.2698844,1.09707772,5.170251,1.4512243003999998,1.51206936,0.9813315,1.10223754,22
Micropogonias undulatus,2017-10-09,638,14.008210859999998,17.948205792,3.8771823079999996,2.384569,42.032489282,17.132065167999997,32.054413600000004,0.8733515799999998,4.53830441,1.1813559184999998,1.4083533,0.9343333389999999,1.02792979,22
Micropogonias undulatus,2017-10-09,639,15.101978159999998,19.560080520000003,4.156321038000001,2.8617956400000004,45.215723120999996,18.30707974,33.716809600000005,0.89882978,5.0766890700000005,1.2772153093999998,1.6810905899999997,1.03823,0.81977802,22
Micropogonias undulatus,2017-10-09,640,12.148750559999998,15.753538516000003,3.089210234,2.36938724,29.525956851999993,11.598376347999999,20.598605600000003,0.6165726399999999,3.2118429000000006,0.9390818618,1.26635949,0.749071823,0.88480856,22
Micropogonias undulatus,2017-10-09,641,15.164463179999998,19.276342272,4.4659851260000005,2.9948358,46.559134142999994,20.82239284,36.2443484,1.0542468,4.77140211,1.3927408051999999,1.53603456,1.019339698,1.10394887,22
Micropogonias undulatus,2017-10-09,642,13.660239719999998,18.416072052000004,4.185105406,2.57623872,45.039776947,16.521629943999997,32.059921200000005,0.8164043599999999,5.14681209,1.0468850650999997,1.595415,0.8391990469999999,0.9592063799999999,22
Micropogonias undulatus,2017-10-09,643,7.44672486,9.052598072000002,1.8857218799999997,1.3387255200000001,10.005935894,4.463787915999999,6.2404048,0.39566976,1.12836271,0.6168048547999999,0.88571223,0.5177225219999999,0.53362563,22
Micropogonias undulatus,2017-10-09,644,8.264507339999998,10.203649688,2.232875286,1.41113852,12.206350498999997,5.918895135999999,9.436723600000002,0.3794876599999999,1.42105852,0.6880558736,0.9291824399999999,0.42918845599999994,0.47868293,22
Micropogonias undulatus,2017-10-09,645,16.43227194,22.51373084,5.494097754,3.39205856,61.255206877999996,24.157027635999995,44.921403600000005,1.5710410999999997,5.964010010000001,1.5084722287999999,1.7993189099999998,1.458368524,1.16555675,22
Micropogonias undulatus,2017-11-01,647,8.32352718,10.215947248,2.035679152,1.52020748,12.623597389999999,5.993143347999999,8.944748800000003,0.4903522599999999,1.27545317,0.5791200674,0.8637441299999999,0.48585936199999985,0.6626058699999999,13.6
Micropogonias undulatus,2017-11-01,648,9.54271164,11.347322768000002,2.467908936,1.75792188,15.969075785,8.520511924,12.630794400000001,0.5711939,1.5297944,0.7859745424999999,1.00334142,0.5900974139999999,0.9462363,13.6
Micropogonias undulatus,2017-11-01,649,9.634594799999999,12.101945768,2.5036572639999997,1.83163332,16.320206931999998,8.632391247999998,13.605302400000003,0.62153056,1.8239107500000002,0.9051037747999999,1.08362484,0.603639257,0.88336744,13.6
Micropogonias undulatus,2017-11-01,650,9.1159356,11.104278264,2.321897908,1.96727036,15.589671457999996,7.743215392,11.485438400000001,0.6012168599999999,1.34350995,0.8545484999,1.0384903799999998,0.641647455,0.8285148099999999,13.6
Micropogonias undulatus,2017-11-01,651,10.5813714,12.46606534,2.947609714,2.2017886,22.088914339,10.278020055999999,16.857933600000003,0.6793041,1.85509806,0.8936747818999999,1.0601922,0.726198626,0.8368012499999999,13.6
Micropogonias undulatus,2017-11-01,659,8.520259979999999,10.620760564000001,2.3174874,1.4741628,13.654589773,6.741146199999999,7.734875200000003,0.4128158999999999,1.33324332,0.6047580785,0.8624793,0.629243582,0.6135177199999999,13.6
Micropogonias undulatus,2017-11-01,660,9.238222919999998,11.437430344000001,2.582466078,1.7501312400000004,15.541389565999998,7.218069843999999,10.724265600000003,0.5108725399999999,1.32091045,0.705147881,1.0263080699999998,0.6535961400000001,0.7711402199999999,13.6
Micropogonias undulatus,2017-11-01,661,7.950629099999999,9.123141348,2.0637671240000004,1.28578912,12.260395769999999,5.848702972,8.313735200000002,0.45082661999999996,1.04603596,0.810171059,0.9717206699999998,0.48438000099999995,0.49039203,13.6
Micropogonias undulatus,2017-11-01,662,8.396631299999997,9.800177924000002,2.131897866,1.60460608,13.442758408999998,6.290248864,9.1629172,0.49703167999999986,1.29740697,0.8177903876,0.96020406,0.589414632,0.7194400400000001,13.6
Micropogonias undulatus,2017-11-01,663,9.002255339999998,10.7958331,2.278141026,1.59911268,14.373054774,6.479418436,10.589273200000001,0.33954885999999995,1.5466471700000002,0.6626237903000001,1.1273613299999998,0.5945354969999999,0.7864521200000001,13.6
Micropogonias undulatus,2017-11-01,664,7.264970579999998,9.490950188000001,1.9750927000000003,1.30127052,11.27627162,5.2543792719999995,7.022371600000001,0.4086842999999999,1.2190189900000001,0.6877469819,0.85615515,0.47106575200000006,0.59334204,13.6
Micropogonias undulatus,2017-11-01,665,7.7676452399999985,9.435946556,2.135147714,1.3687894,11.251804445,5.877433312,8.7960436,0.41426195999999993,1.3602981500000002,0.7619839538,1.10186502,0.539116358,0.60388023,13.6
Micropogonias undulatus,2017-11-01,666,7.307782319999999,9.15466782,1.9915740720000001,1.24383952,10.971356247999998,5.363667231999999,7.486920800000002,0.4870469799999999,1.31128952,0.7789729973,0.97192038,0.527850455,0.75276594,13.6
Micropogonias undulatus,2017-11-01,667,8.768188019999998,10.800640328,2.363101338,1.49383916,14.275729788999998,6.673996072,10.060094000000003,0.3990438999999999,1.6054704400000002,0.6986611553,1.11557844,0.534450681,0.6550399899999999,13.6
Micropogonias undulatus,2017-11-01,681,7.235684219999998,9.172778772000001,1.9272735079999999,1.41353564,10.661656184,5.4186492159999995,8.074435600000001,0.46859249999999997,1.4310668700000002,0.6928951769,1.00753533,0.553340983,0.60108806,13.6
Micropogonias undulatus,2017-11-01,682,8.054584499999999,10.008901056000001,2.2514458459999998,1.38836588,14.265725432999998,6.868123035999999,8.752432400000002,0.53938058,1.28810889,0.7329481339999999,1.03136739,0.566427638,0.6416195599999999,13.6
Micropogonias undulatus,2017-11-01,683,9.3673288199999991,11.206795196000002,2.585367728,1.9642739600000003,17.747893778999995,7.978128172,11.3857396,0.4955167599999999,1.9960543700000002,0.903868208,1.13861166,0.676696931,0.60793338,13.6
Micropogonias undulatus,2017-11-01,684,7.900216319999998,9.577703884000002,2.067481236,1.39116252,12.167529248,6.176341516,9.123689600000002,0.4903522599999999,1.44811335,0.6569607758,0.93743712,0.616953506,0.70646996,13.6
Micropogonias undulatus,2017-11-01,685,8.816700539999998,11.001761332000001,2.51886191,1.6495520799999999,14.822489592999998,6.694388979999999,9.5124812,0.58792688,1.51662212,0.7118405345,0.93184524,0.672372645,0.63720613,13.6
Micropogonias undulatus,2017-11-01,686,7.6745325,9.103912436000002,2.0659723779999997,1.42761872,11.384688391,5.422254592,7.376993600000002,0.39202017999999994,1.1647801899999999,0.7262554805,0.8558888699999999,0.539116358,0.60478093,13.6
Micropogonias undulatus,2017-11-01,687,8.310448919999999,10.51857902,2.3783059840000003,1.52949632,12.955481025999998,5.734344951999999,8.6018164,0.15583037999999996,1.4870490600000001,0.7602335675,1.01978421,0.6221881679999999,0.7971704500000001,13.6
Micropogonias undulatus,2017-11-01,688,7.710190319999999,8.268796316000001,2.252954704,1.49373928,12.087385656999999,4.996369552,6.8347760000000015,0.40062767999999993,0.9588664600000001,0.3179006531,0.67042485,0.594194106,0.49417497,13.6
Micropogonias undulatus,2017-11-01,689,13.515372839999998,16.460089236,3.6297295960000002,2.13257176,32.891443959,13.697493856,25.7596764,0.6870852799999999,4.593382620000001,1.0884824806999998,1.5848303699999997,0.742585394,0.9882089199999999,13.6
Micropogonias undulatus,2017-11-01,690,10.252849979999999,12.679819292,2.800670158,2.00632344,22.095330175999997,12.032373483999999,18.9609376,0.70850074,2.9822965500000005,0.9651317285,1.3423158599999998,0.697635579,0.7998725499999999,13.6
Micropogonias undulatus,2017-11-01,691,11.005464719999997,13.393189568,2.9252089760000004,2.04527664,21.313902977999994,8.869444719999999,17.3740744,0.6614005000000001,3.4382253200000004,0.7723833077,1.4184719399999999,0.7447475369999998,0.8758916299999999,13.6
Micropogonias undulatus,2017-11-01,692,10.345068479999998,12.740300928,2.509112366,1.9545856000000001,19.972884301999997,11.021290851999998,15.064704,0.6869475599999999,2.61786347,0.9366107282,1.30956342,0.715956896,0.7579899999999999,13.6
Micropogonias undulatus,2017-11-01,693,9.46267716,12.115361288,2.5478784099999996,1.8936588000000003,16.528449777,7.806985479999998,13.163570400000001,0.65582284,2.1390123500000002,0.6829076786,1.16057976,0.666568998,0.85742728,13.6
Micropogonias undulatus,2017-11-01,694,10.797777479999999,13.298610152,2.690871722,1.8662916800000002,19.948634612999996,10.202194491999999,16.898734800000003,0.6899774,2.64440174,0.8089354922,1.2907241099999998,0.63311268,0.8659839299999998,13.6
Micropogonias undulatus,2017-11-01,695,10.868534219999999,13.60023576,2.854524782,2.20967912,22.293024949999996,10.513721511999998,17.3485596,0.82136228,2.74609949,0.9611161363999999,1.40848644,0.7473648679999998,0.8894021299999999,13.6
Micropogonias undulatus,2017-11-01,696,11.388534779999999,14.475263052,3.0107496179999997,2.33882396,22.929606471999996,11.766251667999999,19.2086672,0.8214311400000001,2.5643995100000003,0.9804733496,1.2382003799999999,0.7749037419999998,0.8776930299999999,13.6
Micropogonias undulatus,2017-11-01,697,12.31250826,15.580254716000002,3.1275120139999997,2.2669103600000002,25.438089995999995,12.427387492,21.99866,0.769855,3.8003984500000008,1.0588288774999999,1.43311734,0.6975217819999999,0.82175956000000006,13.6
Micropogonias undulatus,2017-11-01,698,11.41793292,14.192083784000001,2.80844658,2.0204065200000003,22.911881363,8.531328052,16.960892,0.8642620599999999,2.75901349,0.9097371503,1.26382983,0.7591997559999999,0.7843805099999999,13.6
Micropogonias undulatus,2017-11-01,699,11.142954119999999,13.934170412,2.932172936,2.10410596,23.538893500999997,11.339465284,18.3761204,0.5415840999999999,3.4609539600000003,0.9262113743,1.3498382699999998,0.707308324,0.83112684,13.6
Micropogonias undulatus,2017-11-06,700,10.112789639999999,12.638007588,2.743217488,1.94070228,18.320208187999995,8.771423559999999,13.868880400000004,0.5079115599999999,2.2512350100000003,0.8435313626,1.2310773899999998,0.6267400479999998,0.68809568,16.5
